{
    "eventVersion": "1.05",
    "userIdentity": {
        "type": "",
        "principalId": "",
        "arn": "",
        "accountId": "",
        "accessKeyId": "",
        "userName": "",
        "sessionContext": {
            "attributes": {
                "mfaAuthenticated": "",
                "creationDate": "",
                "sourceIdentity": ""
            },
            "sessionIssuer": {
                "type": "",
                "userName": "",
                "principalId": "",
                "arn": "",
                "accountId": ""
            },
            "webIdFederationData": {
                "federatedProvider": "",
                "attributes": ""
            }
        },
        "invokedBy": ""
    },
    "eventTime": "2020-02-26T00:56:34Z",
    "eventSource": "ec2.amazonaws.com",
    "eventName": "CreateNatGateway",
    "awsRegion": "",
    "sourceIPAddress": "10.1.1.1",
    "userAgent": "",
    "errorCode": "",
    "errorMessage": "",
    "requestParameters": {
        "AllocationId": "",
        "ClientToken": "",
        "ConnectivityType": "",
        "DryRun": "",
        "PrivateIpAddress": "",
        "SecondaryAllocationId.N": "",
        "SecondaryPrivateIpAddress.N": "",
        "SecondaryPrivateIpAddressCount": "",
        "SubnetId": "",
        "TagSpecification.N": [
            {
                "ResourceType": "",
                "Tags": [
                    {
                        "Key": "",
                        "Value": ""
                    }
                ]
            }
        ]
    },
    "responseElements": {
        "clientToken": "",
        "natGateway": [
            {
                "connectivityType": "",
                "createTime": "",
                "deleteTime": "",
                "failureCode": "",
                "failureMessage": "",
                "natGatewayAddressSet": [
                    {
                        "allocationId": "",
                        "associationId": "",
                        "failureMessage": "",
                        "isPrimary": "",
                        "networkInterfaceId": "",
                        "privateIp": "",
                        "publicIp": "",
                        "status": ""
                    }
                ],
                "natGatewayId": "",
                "provisionedBandwidth": [
                    {
                        "provisioned": "",
                        "provisionTime": "",
                        "requested": "",
                        "requestTime": "",
                        "status": ""
                    }
                ],
                "state": "",
                "subnetId": "",
                "tagSet": [
                    {
                        "Key": "",
                        "Value": ""
                    }
                ],
                "vpcId": ""
            }
        ],
        "requestId": ""
    },
    "requestID": "",
    "eventType": "",
    "apiVersion": "",
    "managementEvent": "",
    "readOnly": "",
    "resources": "",
    "recipientAccountId": "",
    "serviceEventDetails": "",
    "sharedEventID": "",
    "vpcEndpointId": "",
    "eventCategory": "",
    "addendum": "",
    "sessionCredentialFromConsole": "",
    "edgeDeviceDetails": "",
    "tlsDetails": {
        "tlsVersion": "",
        "cipherSuite": "",
        "clientProvidedHostHeader": ""
    },
    "eventID": ""
}