{
    "eventVersion": "1.05",
    "userIdentity": {
        "type": "",
        "principalId": "",
        "arn": "",
        "accountId": "",
        "accessKeyId": "",
        "userName": "",
        "sessionContext": {
            "attributes": {
                "mfaAuthenticated": "",
                "creationDate": "",
                "sourceIdentity": ""
            },
            "sessionIssuer": {
                "type": "",
                "userName": "",
                "principalId": "",
                "arn": "",
                "accountId": ""
            },
            "webIdFederationData": {
                "federatedProvider": "",
                "attributes": ""
            }
        },
        "invokedBy": ""
    },
    "eventTime": "2020-02-26T00:56:34Z",
    "eventSource": "ec2.amazonaws.com",
    "eventName": "CreateVerifiedAccessEndpoint",
    "awsRegion": "",
    "sourceIPAddress": "10.1.1.1",
    "userAgent": "",
    "errorCode": "",
    "errorMessage": "",
    "requestParameters": {
        "ApplicationDomain": "",
        "AttachmentType": "",
        "ClientToken": "",
        "Description": "",
        "DomainCertificateArn": "",
        "DryRun": "",
        "EndpointDomainPrefix": "",
        "EndpointType": "",
        "LoadBalancerOptions": [
            {
                "LoadBalancerArn": "",
                "Port": "",
                "Protocol": "",
                "SubnetIds": ""
            }
        ],
        "NetworkInterfaceOptions": [
            {
                "NetworkInterfaceId": "",
                "Port": "",
                "Protocol": ""
            }
        ],
        "PolicyDocument": "",
        "SecurityGroupId.N": "",
        "SseSpecification": [
            {
                "CustomerManagedKeyEnabled": "",
                "KmsKeyArn": ""
            }
        ],
        "TagSpecification.N": [
            {
                "ResourceType": "",
                "Tags": [
                    {
                        "Key": "",
                        "Value": ""
                    }
                ]
            }
        ],
        "VerifiedAccessGroupId": ""
    },
    "responseElements": {
        "requestId": "",
        "verifiedAccessEndpoint": [
            {
                "applicationDomain": "",
                "attachmentType": "",
                "creationTime": "",
                "deletionTime": "",
                "description": "",
                "deviceValidationDomain": "",
                "domainCertificateArn": "",
                "endpointDomain": "",
                "endpointType": "",
                "lastUpdatedTime": "",
                "loadBalancerOptions": [
                    {
                        "loadBalancerArn": "",
                        "port": "",
                        "protocol": "",
                        "subnetIdSet": ""
                    }
                ],
                "networkInterfaceOptions": [
                    {
                        "networkInterfaceId": "",
                        "port": "",
                        "protocol": ""
                    }
                ],
                "securityGroupIdSet": "",
                "sseSpecification": [
                    {
                        "customerManagedKeyEnabled": "",
                        "kmsKeyArn": ""
                    }
                ],
                "status": [
                    {
                        "code": "",
                        "message": ""
                    }
                ],
                "tagSet": [
                    {
                        "Key": "",
                        "Value": ""
                    }
                ],
                "verifiedAccessEndpointId": "",
                "verifiedAccessGroupId": "",
                "verifiedAccessInstanceId": ""
            }
        ]
    },
    "requestID": "",
    "eventType": "",
    "apiVersion": "",
    "managementEvent": "",
    "readOnly": "",
    "resources": "",
    "recipientAccountId": "",
    "serviceEventDetails": "",
    "sharedEventID": "",
    "vpcEndpointId": "",
    "eventCategory": "",
    "addendum": "",
    "sessionCredentialFromConsole": "",
    "edgeDeviceDetails": "",
    "tlsDetails": {
        "tlsVersion": "",
        "cipherSuite": "",
        "clientProvidedHostHeader": ""
    },
    "eventID": ""
}