{
    "eventVersion": "1.05",
    "userIdentity": {
        "type": "",
        "principalId": "",
        "arn": "",
        "accountId": "",
        "accessKeyId": "",
        "userName": "",
        "sessionContext": {
            "attributes": {
                "mfaAuthenticated": "",
                "creationDate": "",
                "sourceIdentity": ""
            },
            "sessionIssuer": {
                "type": "",
                "userName": "",
                "principalId": "",
                "arn": "",
                "accountId": ""
            },
            "webIdFederationData": {
                "federatedProvider": "",
                "attributes": ""
            }
        },
        "invokedBy": ""
    },
    "eventTime": "2020-02-26T00:56:34Z",
    "eventSource": "ec2.amazonaws.com",
    "eventName": "CreateTransitGatewayConnectPeer",
    "awsRegion": "",
    "sourceIPAddress": "10.1.1.1",
    "userAgent": "",
    "errorCode": "",
    "errorMessage": "",
    "requestParameters": {
        "BgpOptions": [
            {
                "PeerAsn": ""
            }
        ],
        "DryRun": "",
        "InsideCidrBlocks.N": "",
        "PeerAddress": "",
        "TagSpecification.N": [
            {
                "ResourceType": "",
                "Tags": [
                    {
                        "Key": "",
                        "Value": ""
                    }
                ]
            }
        ],
        "TransitGatewayAddress": "",
        "TransitGatewayAttachmentId": ""
    },
    "responseElements": {
        "requestId": "",
        "transitGatewayConnectPeer": [
            {
                "connectPeerConfiguration": [
                    {
                        "bgpConfigurations": [
                            {
                                "bgpStatus": "",
                                "peerAddress": "",
                                "peerAsn": "",
                                "transitGatewayAddress": "",
                                "transitGatewayAsn": ""
                            }
                        ],
                        "insideCidrBlocks": "",
                        "peerAddress": "",
                        "protocol": "",
                        "transitGatewayAddress": ""
                    }
                ],
                "creationTime": "",
                "state": "",
                "tagSet": [
                    {
                        "Key": "",
                        "Value": ""
                    }
                ],
                "transitGatewayAttachmentId": "",
                "transitGatewayConnectPeerId": ""
            }
        ]
    },
    "requestID": "",
    "eventType": "",
    "apiVersion": "",
    "managementEvent": "",
    "readOnly": "",
    "resources": "",
    "recipientAccountId": "",
    "serviceEventDetails": "",
    "sharedEventID": "",
    "vpcEndpointId": "",
    "eventCategory": "",
    "addendum": "",
    "sessionCredentialFromConsole": "",
    "edgeDeviceDetails": "",
    "tlsDetails": {
        "tlsVersion": "",
        "cipherSuite": "",
        "clientProvidedHostHeader": ""
    },
    "eventID": ""
}