{
    "eventVersion": "1.05",
    "userIdentity": {
        "type": "",
        "principalId": "",
        "arn": "",
        "accountId": "",
        "accessKeyId": "",
        "userName": "",
        "sessionContext": {
            "attributes": {
                "mfaAuthenticated": "",
                "creationDate": "",
                "sourceIdentity": ""
            },
            "sessionIssuer": {
                "type": "",
                "userName": "",
                "principalId": "",
                "arn": "",
                "accountId": ""
            },
            "webIdFederationData": {
                "federatedProvider": "",
                "attributes": ""
            }
        },
        "invokedBy": ""
    },
    "eventTime": "2020-02-26T00:56:34Z",
    "eventSource": "ec2.amazonaws.com",
    "eventName": "CreateVpcEndpoint",
    "awsRegion": "",
    "sourceIPAddress": "10.1.1.1",
    "userAgent": "",
    "errorCode": "",
    "errorMessage": "",
    "requestParameters": {
        "ClientToken": "",
        "DnsOptions": [
            {
                "DnsRecordIpType": "",
                "PrivateDnsOnlyForInboundResolverEndpoint": ""
            }
        ],
        "DryRun": "",
        "IpAddressType": "",
        "PolicyDocument": "",
        "PrivateDnsEnabled": "",
        "RouteTableId.N": "",
        "SecurityGroupId.N": "",
        "ServiceName": "",
        "SubnetConfiguration.N": [
            {
                "Ipv4": "",
                "Ipv6": "",
                "SubnetId": ""
            }
        ],
        "SubnetId.N": "",
        "TagSpecification.N": [
            {
                "ResourceType": "",
                "Tags": [
                    {
                        "Key": "",
                        "Value": ""
                    }
                ]
            }
        ],
        "VpcEndpointType": "",
        "VpcId": ""
    },
    "responseElements": {
        "clientToken": "",
        "requestId": "",
        "vpcEndpoint": [
            {
                "creationTimestamp": "",
                "dnsEntrySet": [
                    {
                        "dnsName": "",
                        "hostedZoneId": ""
                    }
                ],
                "dnsOptions": [
                    {
                        "dnsRecordIpType": "",
                        "privateDnsOnlyForInboundResolverEndpoint": ""
                    }
                ],
                "groupSet": [
                    {
                        "groupId": "",
                        "groupName": ""
                    }
                ],
                "ipAddressType": "",
                "lastError": [
                    {
                        "code": "",
                        "message": ""
                    }
                ],
                "networkInterfaceIdSet": "",
                "ownerId": "",
                "policyDocument": "",
                "privateDnsEnabled": "",
                "requesterManaged": "",
                "routeTableIdSet": "",
                "serviceName": "",
                "state": "",
                "subnetIdSet": "",
                "tagSet": [
                    {
                        "Key": "",
                        "Value": ""
                    }
                ],
                "vpcEndpointId": "",
                "vpcEndpointType": "",
                "vpcId": ""
            }
        ]
    },
    "requestID": "",
    "eventType": "",
    "apiVersion": "",
    "managementEvent": "",
    "readOnly": "",
    "resources": "",
    "recipientAccountId": "",
    "serviceEventDetails": "",
    "sharedEventID": "",
    "vpcEndpointId": "",
    "eventCategory": "",
    "addendum": "",
    "sessionCredentialFromConsole": "",
    "edgeDeviceDetails": "",
    "tlsDetails": {
        "tlsVersion": "",
        "cipherSuite": "",
        "clientProvidedHostHeader": ""
    },
    "eventID": ""
}