{
    "eventVersion": "1.05",
    "userIdentity": {
        "type": "",
        "principalId": "",
        "arn": "",
        "accountId": "",
        "accessKeyId": "",
        "userName": "",
        "sessionContext": {
            "attributes": {
                "mfaAuthenticated": "",
                "creationDate": "",
                "sourceIdentity": ""
            },
            "sessionIssuer": {
                "type": "",
                "userName": "",
                "principalId": "",
                "arn": "",
                "accountId": ""
            },
            "webIdFederationData": {
                "federatedProvider": "",
                "attributes": ""
            }
        },
        "invokedBy": ""
    },
    "eventTime": "2020-02-26T00:56:34Z",
    "eventSource": "ec2.amazonaws.com",
    "eventName": "CreateVolume",
    "awsRegion": "",
    "sourceIPAddress": "10.1.1.1",
    "userAgent": "",
    "errorCode": "",
    "errorMessage": "",
    "requestParameters": {
        "AvailabilityZone": "",
        "ClientToken": "",
        "DryRun": "",
        "Encrypted": "",
        "Iops": "",
        "KmsKeyId": "",
        "MultiAttachEnabled": "",
        "OutpostArn": "",
        "Size": "",
        "SnapshotId": "",
        "TagSpecification.N": [
            {
                "ResourceType": "",
                "Tags": [
                    {
                        "Key": "",
                        "Value": ""
                    }
                ]
            }
        ],
        "Throughput": "",
        "VolumeType": ""
    },
    "responseElements": {
        "attachmentSet": [
            {
                "associatedResource": "",
                "attachTime": "",
                "deleteOnTermination": "",
                "device": "",
                "instanceId": "",
                "instanceOwningService": "",
                "status": "",
                "volumeId": ""
            }
        ],
        "availabilityZone": "",
        "createTime": "",
        "encrypted": "",
        "fastRestored": "",
        "iops": "",
        "kmsKeyId": "",
        "multiAttachEnabled": "",
        "outpostArn": "",
        "requestId": "",
        "size": "",
        "snapshotId": "",
        "sseType": "",
        "status": "",
        "tagSet": [
            {
                "Key": "",
                "Value": ""
            }
        ],
        "throughput": "",
        "volumeId": "",
        "volumeType": ""
    },
    "requestID": "",
    "eventType": "",
    "apiVersion": "",
    "managementEvent": "",
    "readOnly": "",
    "resources": "",
    "recipientAccountId": "",
    "serviceEventDetails": "",
    "sharedEventID": "",
    "vpcEndpointId": "",
    "eventCategory": "",
    "addendum": "",
    "sessionCredentialFromConsole": "",
    "edgeDeviceDetails": "",
    "tlsDetails": {
        "tlsVersion": "",
        "cipherSuite": "",
        "clientProvidedHostHeader": ""
    },
    "eventID": ""
}