{
    "eventVersion": "1.05",
    "userIdentity": {
        "type": "",
        "principalId": "",
        "arn": "",
        "accountId": "",
        "accessKeyId": "",
        "userName": "",
        "sessionContext": {
            "attributes": {
                "mfaAuthenticated": "",
                "creationDate": "",
                "sourceIdentity": ""
            },
            "sessionIssuer": {
                "type": "",
                "userName": "",
                "principalId": "",
                "arn": "",
                "accountId": ""
            },
            "webIdFederationData": {
                "federatedProvider": "",
                "attributes": ""
            }
        },
        "invokedBy": ""
    },
    "eventTime": "2020-02-26T00:56:34Z",
    "eventSource": "ec2.amazonaws.com",
    "eventName": "CreateVpcEndpointServiceConfiguration",
    "awsRegion": "",
    "sourceIPAddress": "10.1.1.1",
    "userAgent": "",
    "errorCode": "",
    "errorMessage": "",
    "requestParameters": {
        "AcceptanceRequired": "",
        "ClientToken": "",
        "DryRun": "",
        "GatewayLoadBalancerArn.N": "",
        "NetworkLoadBalancerArn.N": "",
        "PrivateDnsName": "",
        "SupportedIpAddressType.N": "",
        "TagSpecification.N": [
            {
                "ResourceType": "",
                "Tags": [
                    {
                        "Key": "",
                        "Value": ""
                    }
                ]
            }
        ]
    },
    "responseElements": {
        "clientToken": "",
        "requestId": "",
        "serviceConfiguration": [
            {
                "acceptanceRequired": "",
                "availabilityZoneSet": "",
                "baseEndpointDnsNameSet": "",
                "gatewayLoadBalancerArnSet": "",
                "managesVpcEndpoints": "",
                "networkLoadBalancerArnSet": "",
                "payerResponsibility": "",
                "privateDnsName": "",
                "privateDnsNameConfiguration": [
                    {
                        "name": "",
                        "state": "",
                        "type": "",
                        "value": ""
                    }
                ],
                "serviceId": "",
                "serviceName": "",
                "serviceState": "",
                "serviceType": [
                    {
                        "serviceType": ""
                    }
                ],
                "supportedIpAddressTypeSet": "",
                "tagSet": [
                    {
                        "Key": "",
                        "Value": ""
                    }
                ]
            }
        ]
    },
    "requestID": "",
    "eventType": "",
    "apiVersion": "",
    "managementEvent": "",
    "readOnly": "",
    "resources": "",
    "recipientAccountId": "",
    "serviceEventDetails": "",
    "sharedEventID": "",
    "vpcEndpointId": "",
    "eventCategory": "",
    "addendum": "",
    "sessionCredentialFromConsole": "",
    "edgeDeviceDetails": "",
    "tlsDetails": {
        "tlsVersion": "",
        "cipherSuite": "",
        "clientProvidedHostHeader": ""
    },
    "eventID": ""
}