{
    "eventVersion": "1.05",
    "userIdentity": {
        "type": "",
        "principalId": "",
        "arn": "",
        "accountId": "",
        "accessKeyId": "",
        "userName": "",
        "sessionContext": {
            "attributes": {
                "mfaAuthenticated": "",
                "creationDate": "",
                "sourceIdentity": ""
            },
            "sessionIssuer": {
                "type": "",
                "userName": "",
                "principalId": "",
                "arn": "",
                "accountId": ""
            },
            "webIdFederationData": {
                "federatedProvider": "",
                "attributes": ""
            }
        },
        "invokedBy": ""
    },
    "eventTime": "2020-02-26T00:56:34Z",
    "eventSource": "ec2.amazonaws.com",
    "eventName": "DeleteTransitGateway",
    "awsRegion": "",
    "sourceIPAddress": "10.1.1.1",
    "userAgent": "",
    "errorCode": "",
    "errorMessage": "",
    "requestParameters": {
        "DryRun": "",
        "TransitGatewayId": ""
    },
    "responseElements": {
        "requestId": "",
        "transitGateway": [
            {
                "creationTime": "",
                "description": "",
                "options": [
                    {
                        "amazonSideAsn": "",
                        "associationDefaultRouteTableId": "",
                        "autoAcceptSharedAttachments": "",
                        "defaultRouteTableAssociation": "",
                        "defaultRouteTablePropagation": "",
                        "dnsSupport": "",
                        "multicastSupport": "",
                        "propagationDefaultRouteTableId": "",
                        "securityGroupReferencingSupport": "",
                        "transitGatewayCidrBlocks": "",
                        "vpnEcmpSupport": ""
                    }
                ],
                "ownerId": "",
                "state": "",
                "tagSet": [
                    {
                        "Key": "",
                        "Value": ""
                    }
                ],
                "transitGatewayArn": "",
                "transitGatewayId": ""
            }
        ]
    },
    "requestID": "",
    "eventType": "",
    "apiVersion": "",
    "managementEvent": "",
    "readOnly": "",
    "resources": "",
    "recipientAccountId": "",
    "serviceEventDetails": "",
    "sharedEventID": "",
    "vpcEndpointId": "",
    "eventCategory": "",
    "addendum": "",
    "sessionCredentialFromConsole": "",
    "edgeDeviceDetails": "",
    "tlsDetails": {
        "tlsVersion": "",
        "cipherSuite": "",
        "clientProvidedHostHeader": ""
    },
    "eventID": ""
}