{
    "eventVersion": "1.05",
    "userIdentity": {
        "type": "",
        "principalId": "",
        "arn": "",
        "accountId": "",
        "accessKeyId": "",
        "userName": "",
        "sessionContext": {
            "attributes": {
                "mfaAuthenticated": "",
                "creationDate": "",
                "sourceIdentity": ""
            },
            "sessionIssuer": {
                "type": "",
                "userName": "",
                "principalId": "",
                "arn": "",
                "accountId": ""
            },
            "webIdFederationData": {
                "federatedProvider": "",
                "attributes": ""
            }
        },
        "invokedBy": ""
    },
    "eventTime": "2020-02-26T00:56:34Z",
    "eventSource": "ec2.amazonaws.com",
    "eventName": "CreateTrafficMirrorFilterRule",
    "awsRegion": "",
    "sourceIPAddress": "10.1.1.1",
    "userAgent": "",
    "errorCode": "",
    "errorMessage": "",
    "requestParameters": {
        "ClientToken": "",
        "Description": "",
        "DestinationCidrBlock": "",
        "DestinationPortRange": [
            {
                "FromPort": "",
                "ToPort": ""
            }
        ],
        "DryRun": "",
        "Protocol": "",
        "RuleAction": "",
        "RuleNumber": "",
        "SourceCidrBlock": "",
        "SourcePortRange": [
            {
                "FromPort": "",
                "ToPort": ""
            }
        ],
        "TagSpecification.N": [
            {
                "ResourceType": "",
                "Tags": [
                    {
                        "Key": "",
                        "Value": ""
                    }
                ]
            }
        ],
        "TrafficDirection": "",
        "TrafficMirrorFilterId": ""
    },
    "responseElements": {
        "clientToken": "",
        "requestId": "",
        "trafficMirrorFilterRule": [
            {
                "description": "",
                "destinationCidrBlock": "",
                "destinationPortRange": [
                    {
                        "fromPort": "",
                        "toPort": ""
                    }
                ],
                "protocol": "",
                "ruleAction": "",
                "ruleNumber": "",
                "sourceCidrBlock": "",
                "sourcePortRange": [
                    {
                        "fromPort": "",
                        "toPort": ""
                    }
                ],
                "tagSet": [
                    {
                        "Key": "",
                        "Value": ""
                    }
                ],
                "trafficDirection": "",
                "trafficMirrorFilterId": "",
                "trafficMirrorFilterRuleId": ""
            }
        ]
    },
    "requestID": "",
    "eventType": "",
    "apiVersion": "",
    "managementEvent": "",
    "readOnly": "",
    "resources": "",
    "recipientAccountId": "",
    "serviceEventDetails": "",
    "sharedEventID": "",
    "vpcEndpointId": "",
    "eventCategory": "",
    "addendum": "",
    "sessionCredentialFromConsole": "",
    "edgeDeviceDetails": "",
    "tlsDetails": {
        "tlsVersion": "",
        "cipherSuite": "",
        "clientProvidedHostHeader": ""
    },
    "eventID": ""
}