{
    "eventVersion": "1.05",
    "userIdentity": {
        "type": "",
        "principalId": "",
        "arn": "",
        "accountId": "",
        "accessKeyId": "",
        "userName": "",
        "sessionContext": {
            "attributes": {
                "mfaAuthenticated": "",
                "creationDate": "",
                "sourceIdentity": ""
            },
            "sessionIssuer": {
                "type": "",
                "userName": "",
                "principalId": "",
                "arn": "",
                "accountId": ""
            },
            "webIdFederationData": {
                "federatedProvider": "",
                "attributes": ""
            }
        },
        "invokedBy": ""
    },
    "eventTime": "2020-02-26T00:56:34Z",
    "eventSource": "ec2.amazonaws.com",
    "eventName": "CreateNetworkInsightsPath",
    "awsRegion": "",
    "sourceIPAddress": "10.1.1.1",
    "userAgent": "",
    "errorCode": "",
    "errorMessage": "",
    "requestParameters": {
        "ClientToken": "",
        "Destination": "",
        "DestinationIp": "",
        "DestinationPort": "",
        "DryRun": "",
        "FilterAtDestination": [
            {
                "DestinationAddress": "",
                "DestinationPortRange": [
                    {
                        "FromPort": "",
                        "ToPort": ""
                    }
                ],
                "SourceAddress": "",
                "SourcePortRange": [
                    {
                        "FromPort": "",
                        "ToPort": ""
                    }
                ]
            }
        ],
        "FilterAtSource": [
            {
                "DestinationAddress": "",
                "DestinationPortRange": [
                    {
                        "FromPort": "",
                        "ToPort": ""
                    }
                ],
                "SourceAddress": "",
                "SourcePortRange": [
                    {
                        "FromPort": "",
                        "ToPort": ""
                    }
                ]
            }
        ],
        "Protocol": "",
        "Source": "",
        "SourceIp": "",
        "TagSpecification.N": [
            {
                "ResourceType": "",
                "Tags": [
                    {
                        "Key": "",
                        "Value": ""
                    }
                ]
            }
        ]
    },
    "responseElements": {
        "networkInsightsPath": [
            {
                "createdDate": "",
                "destination": "",
                "destinationArn": "",
                "destinationIp": "",
                "destinationPort": "",
                "filterAtDestination": [
                    {
                        "destinationAddress": "",
                        "destinationPortRange": [
                            {
                                "fromPort": "",
                                "toPort": ""
                            }
                        ],
                        "sourceAddress": "",
                        "sourcePortRange": [
                            {
                                "fromPort": "",
                                "toPort": ""
                            }
                        ]
                    }
                ],
                "filterAtSource": [
                    {
                        "destinationAddress": "",
                        "destinationPortRange": [
                            {
                                "fromPort": "",
                                "toPort": ""
                            }
                        ],
                        "sourceAddress": "",
                        "sourcePortRange": [
                            {
                                "fromPort": "",
                                "toPort": ""
                            }
                        ]
                    }
                ],
                "networkInsightsPathArn": "",
                "networkInsightsPathId": "",
                "protocol": "",
                "source": "",
                "sourceArn": "",
                "sourceIp": "",
                "tagSet": [
                    {
                        "Key": "",
                        "Value": ""
                    }
                ]
            }
        ],
        "requestId": ""
    },
    "requestID": "",
    "eventType": "",
    "apiVersion": "",
    "managementEvent": "",
    "readOnly": "",
    "resources": "",
    "recipientAccountId": "",
    "serviceEventDetails": "",
    "sharedEventID": "",
    "vpcEndpointId": "",
    "eventCategory": "",
    "addendum": "",
    "sessionCredentialFromConsole": "",
    "edgeDeviceDetails": "",
    "tlsDetails": {
        "tlsVersion": "",
        "cipherSuite": "",
        "clientProvidedHostHeader": ""
    },
    "eventID": ""
}