{
    "eventVersion": "1.05",
    "userIdentity": {
        "type": "",
        "principalId": "",
        "arn": "",
        "accountId": "",
        "accessKeyId": "",
        "userName": "",
        "sessionContext": {
            "attributes": {
                "mfaAuthenticated": "",
                "creationDate": "",
                "sourceIdentity": ""
            },
            "sessionIssuer": {
                "type": "",
                "userName": "",
                "principalId": "",
                "arn": "",
                "accountId": ""
            },
            "webIdFederationData": {
                "federatedProvider": "",
                "attributes": ""
            }
        },
        "invokedBy": ""
    },
    "eventTime": "2020-02-26T00:56:34Z",
    "eventSource": "ec2.amazonaws.com",
    "eventName": "CreateIpamPool",
    "awsRegion": "",
    "sourceIPAddress": "10.1.1.1",
    "userAgent": "",
    "errorCode": "",
    "errorMessage": "",
    "requestParameters": {
        "AddressFamily": "",
        "AllocationDefaultNetmaskLength": "",
        "AllocationMaxNetmaskLength": "",
        "AllocationMinNetmaskLength": "",
        "AllocationResourceTag.N": [
            {
                "Key": "",
                "Value": ""
            }
        ],
        "AutoImport": "",
        "AwsService": "",
        "ClientToken": "",
        "Description": "",
        "DryRun": "",
        "IpamScopeId": "",
        "Locale": "",
        "PublicIpSource": "",
        "PubliclyAdvertisable": "",
        "SourceIpamPoolId": "",
        "SourceResource": [
            {
                "ResourceId": "",
                "ResourceOwner": "",
                "ResourceRegion": "",
                "ResourceType": ""
            }
        ],
        "TagSpecification.N": [
            {
                "ResourceType": "",
                "Tags": [
                    {
                        "Key": "",
                        "Value": ""
                    }
                ]
            }
        ]
    },
    "responseElements": {
        "ipamPool": [
            {
                "addressFamily": "",
                "allocationDefaultNetmaskLength": "",
                "allocationMaxNetmaskLength": "",
                "allocationMinNetmaskLength": "",
                "allocationResourceTagSet": [
                    {
                        "key": "",
                        "value": ""
                    }
                ],
                "autoImport": "",
                "awsService": "",
                "description": "",
                "ipamArn": "",
                "ipamPoolArn": "",
                "ipamPoolId": "",
                "ipamRegion": "",
                "ipamScopeArn": "",
                "ipamScopeType": "",
                "locale": "",
                "ownerId": "",
                "poolDepth": "",
                "publicIpSource": "",
                "publiclyAdvertisable": "",
                "sourceIpamPoolId": "",
                "sourceResource": [
                    {
                        "resourceId": "",
                        "resourceOwner": "",
                        "resourceRegion": "",
                        "resourceType": ""
                    }
                ],
                "state": "",
                "stateMessage": "",
                "tagSet": [
                    {
                        "Key": "",
                        "Value": ""
                    }
                ]
            }
        ],
        "requestId": ""
    },
    "requestID": "",
    "eventType": "",
    "apiVersion": "",
    "managementEvent": "",
    "readOnly": "",
    "resources": "",
    "recipientAccountId": "",
    "serviceEventDetails": "",
    "sharedEventID": "",
    "vpcEndpointId": "",
    "eventCategory": "",
    "addendum": "",
    "sessionCredentialFromConsole": "",
    "edgeDeviceDetails": "",
    "tlsDetails": {
        "tlsVersion": "",
        "cipherSuite": "",
        "clientProvidedHostHeader": ""
    },
    "eventID": ""
}