{
    "eventVersion": "1.05",
    "userIdentity": {
        "type": "",
        "principalId": "",
        "arn": "",
        "accountId": "",
        "accessKeyId": "",
        "userName": "",
        "sessionContext": {
            "attributes": {
                "mfaAuthenticated": "",
                "creationDate": "",
                "sourceIdentity": ""
            },
            "sessionIssuer": {
                "type": "",
                "userName": "",
                "principalId": "",
                "arn": "",
                "accountId": ""
            },
            "webIdFederationData": {
                "federatedProvider": "",
                "attributes": ""
            }
        },
        "invokedBy": ""
    },
    "eventTime": "2020-02-26T00:56:34Z",
    "eventSource": "ec2.amazonaws.com",
    "eventName": "CreateRouteTable",
    "awsRegion": "",
    "sourceIPAddress": "10.1.1.1",
    "userAgent": "",
    "errorCode": "",
    "errorMessage": "",
    "requestParameters": {
        "ClientToken": "",
        "DryRun": "",
        "TagSpecification.N": [
            {
                "ResourceType": "",
                "Tags": [
                    {
                        "Key": "",
                        "Value": ""
                    }
                ]
            }
        ],
        "VpcId": ""
    },
    "responseElements": {
        "clientToken": "",
        "requestId": "",
        "routeTable": [
            {
                "associationSet": [
                    {
                        "associationState": [
                            {
                                "state": "",
                                "statusMessage": ""
                            }
                        ],
                        "gatewayId": "",
                        "main": "",
                        "routeTableAssociationId": "",
                        "routeTableId": "",
                        "subnetId": ""
                    }
                ],
                "ownerId": "",
                "propagatingVgwSet": [
                    {
                        "gatewayId": ""
                    }
                ],
                "routeSet": [
                    {
                        "carrierGatewayId": "",
                        "coreNetworkArn": "",
                        "destinationCidrBlock": "",
                        "destinationIpv6CidrBlock": "",
                        "destinationPrefixListId": "",
                        "egressOnlyInternetGatewayId": "",
                        "gatewayId": "",
                        "instanceId": "",
                        "instanceOwnerId": "",
                        "localGatewayId": "",
                        "natGatewayId": "",
                        "networkInterfaceId": "",
                        "origin": "",
                        "state": "",
                        "transitGatewayId": "",
                        "vpcPeeringConnectionId": ""
                    }
                ],
                "routeTableId": "",
                "tagSet": [
                    {
                        "Key": "",
                        "Value": ""
                    }
                ],
                "vpcId": ""
            }
        ]
    },
    "requestID": "",
    "eventType": "",
    "apiVersion": "",
    "managementEvent": "",
    "readOnly": "",
    "resources": "",
    "recipientAccountId": "",
    "serviceEventDetails": "",
    "sharedEventID": "",
    "vpcEndpointId": "",
    "eventCategory": "",
    "addendum": "",
    "sessionCredentialFromConsole": "",
    "edgeDeviceDetails": "",
    "tlsDetails": {
        "tlsVersion": "",
        "cipherSuite": "",
        "clientProvidedHostHeader": ""
    },
    "eventID": ""
}