{
    "eventVersion": "1.05",
    "userIdentity": {
        "type": "",
        "principalId": "",
        "arn": "",
        "accountId": "",
        "accessKeyId": "",
        "userName": "",
        "sessionContext": {
            "attributes": {
                "mfaAuthenticated": "",
                "creationDate": "",
                "sourceIdentity": ""
            },
            "sessionIssuer": {
                "type": "",
                "userName": "",
                "principalId": "",
                "arn": "",
                "accountId": ""
            },
            "webIdFederationData": {
                "federatedProvider": "",
                "attributes": ""
            }
        },
        "invokedBy": ""
    },
    "eventTime": "2020-02-26T00:56:34Z",
    "eventSource": "ec2.amazonaws.com",
    "eventName": "CreateSubnet",
    "awsRegion": "",
    "sourceIPAddress": "10.1.1.1",
    "userAgent": "",
    "errorCode": "",
    "errorMessage": "",
    "requestParameters": {
        "AvailabilityZone": "",
        "AvailabilityZoneId": "",
        "CidrBlock": "",
        "DryRun": "",
        "Ipv4IpamPoolId": "",
        "Ipv4NetmaskLength": "",
        "Ipv6CidrBlock": "",
        "Ipv6IpamPoolId": "",
        "Ipv6Native": "",
        "Ipv6NetmaskLength": "",
        "OutpostArn": "",
        "TagSpecification.N": [
            {
                "ResourceType": "",
                "Tags": [
                    {
                        "Key": "",
                        "Value": ""
                    }
                ]
            }
        ],
        "VpcId": ""
    },
    "responseElements": {
        "requestId": "",
        "subnet": [
            {
                "assignIpv6AddressOnCreation": "",
                "availabilityZone": "",
                "availabilityZoneId": "",
                "availableIpAddressCount": "",
                "cidrBlock": "",
                "customerOwnedIpv4Pool": "",
                "defaultForAz": "",
                "enableDns64": "",
                "enableLniAtDeviceIndex": "",
                "ipv6CidrBlockAssociationSet": [
                    {
                        "associationId": "",
                        "ipv6CidrBlock": "",
                        "ipv6CidrBlockState": [
                            {
                                "state": "",
                                "statusMessage": ""
                            }
                        ]
                    }
                ],
                "ipv6Native": "",
                "mapCustomerOwnedIpOnLaunch": "",
                "mapPublicIpOnLaunch": "",
                "outpostArn": "",
                "ownerId": "",
                "privateDnsNameOptionsOnLaunch": [
                    {
                        "enableResourceNameDnsAAAARecord": "",
                        "enableResourceNameDnsARecord": "",
                        "hostnameType": ""
                    }
                ],
                "state": "",
                "subnetArn": "",
                "subnetId": "",
                "tagSet": [
                    {
                        "Key": "",
                        "Value": ""
                    }
                ],
                "vpcId": ""
            }
        ]
    },
    "requestID": "",
    "eventType": "",
    "apiVersion": "",
    "managementEvent": "",
    "readOnly": "",
    "resources": "",
    "recipientAccountId": "",
    "serviceEventDetails": "",
    "sharedEventID": "",
    "vpcEndpointId": "",
    "eventCategory": "",
    "addendum": "",
    "sessionCredentialFromConsole": "",
    "edgeDeviceDetails": "",
    "tlsDetails": {
        "tlsVersion": "",
        "cipherSuite": "",
        "clientProvidedHostHeader": ""
    },
    "eventID": ""
}