{
    "eventVersion": "1.05",
    "userIdentity": {
        "type": "",
        "principalId": "",
        "arn": "",
        "accountId": "",
        "accessKeyId": "",
        "userName": "",
        "sessionContext": {
            "attributes": {
                "mfaAuthenticated": "",
                "creationDate": "",
                "sourceIdentity": ""
            },
            "sessionIssuer": {
                "type": "",
                "userName": "",
                "principalId": "",
                "arn": "",
                "accountId": ""
            },
            "webIdFederationData": {
                "federatedProvider": "",
                "attributes": ""
            }
        },
        "invokedBy": ""
    },
    "eventTime": "2020-02-26T00:56:34Z",
    "eventSource": "ec2.amazonaws.com",
    "eventName": "DescribeCapacityReservationFleets",
    "awsRegion": "",
    "sourceIPAddress": "10.1.1.1",
    "userAgent": "",
    "errorCode": "",
    "errorMessage": "",
    "requestParameters": {
        "CapacityReservationFleetId.N": "",
        "DryRun": "",
        "Filter.N": [
            {
                "Name": "",
                "Values": ""
            }
        ],
        "MaxResults": "",
        "NextToken": ""
    },
    "responseElements": {
        "capacityReservationFleetSet": [
            {
                "allocationStrategy": "",
                "capacityReservationFleetArn": "",
                "capacityReservationFleetId": "",
                "createTime": "",
                "endDate": "",
                "instanceMatchCriteria": "",
                "instanceTypeSpecificationSet": [
                    {
                        "availabilityZone": "",
                        "availabilityZoneId": "",
                        "capacityReservationId": "",
                        "createDate": "",
                        "ebsOptimized": "",
                        "fulfilledCapacity": "",
                        "instancePlatform": "",
                        "instanceType": "",
                        "priority": "",
                        "totalInstanceCount": "",
                        "weight": ""
                    }
                ],
                "state": "",
                "tagSet": [
                    {
                        "Key": "",
                        "Value": ""
                    }
                ],
                "tenancy": "",
                "totalFulfilledCapacity": "",
                "totalTargetCapacity": ""
            }
        ],
        "nextToken": "",
        "requestId": ""
    },
    "requestID": "",
    "eventType": "",
    "apiVersion": "",
    "managementEvent": "",
    "readOnly": "",
    "resources": "",
    "recipientAccountId": "",
    "serviceEventDetails": "",
    "sharedEventID": "",
    "vpcEndpointId": "",
    "eventCategory": "",
    "addendum": "",
    "sessionCredentialFromConsole": "",
    "edgeDeviceDetails": "",
    "tlsDetails": {
        "tlsVersion": "",
        "cipherSuite": "",
        "clientProvidedHostHeader": ""
    },
    "eventID": ""
}