{
    "eventVersion": "1.05",
    "userIdentity": {
        "type": "",
        "principalId": "",
        "arn": "",
        "accountId": "",
        "accessKeyId": "",
        "userName": "",
        "sessionContext": {
            "attributes": {
                "mfaAuthenticated": "",
                "creationDate": "",
                "sourceIdentity": ""
            },
            "sessionIssuer": {
                "type": "",
                "userName": "",
                "principalId": "",
                "arn": "",
                "accountId": ""
            },
            "webIdFederationData": {
                "federatedProvider": "",
                "attributes": ""
            }
        },
        "invokedBy": ""
    },
    "eventTime": "2020-02-26T00:56:34Z",
    "eventSource": "ec2.amazonaws.com",
    "eventName": "CreateIpamScope",
    "awsRegion": "",
    "sourceIPAddress": "10.1.1.1",
    "userAgent": "",
    "errorCode": "",
    "errorMessage": "",
    "requestParameters": {
        "ClientToken": "",
        "Description": "",
        "DryRun": "",
        "IpamId": "",
        "TagSpecification.N": [
            {
                "ResourceType": "",
                "Tags": [
                    {
                        "Key": "",
                        "Value": ""
                    }
                ]
            }
        ]
    },
    "responseElements": {
        "ipamScope": [
            {
                "description": "",
                "ipamArn": "",
                "ipamRegion": "",
                "ipamScopeArn": "",
                "ipamScopeId": "",
                "ipamScopeType": "",
                "isDefault": "",
                "ownerId": "",
                "poolCount": "",
                "state": "",
                "tagSet": [
                    {
                        "Key": "",
                        "Value": ""
                    }
                ]
            }
        ],
        "requestId": ""
    },
    "requestID": "",
    "eventType": "",
    "apiVersion": "",
    "managementEvent": "",
    "readOnly": "",
    "resources": "",
    "recipientAccountId": "",
    "serviceEventDetails": "",
    "sharedEventID": "",
    "vpcEndpointId": "",
    "eventCategory": "",
    "addendum": "",
    "sessionCredentialFromConsole": "",
    "edgeDeviceDetails": "",
    "tlsDetails": {
        "tlsVersion": "",
        "cipherSuite": "",
        "clientProvidedHostHeader": ""
    },
    "eventID": ""
}