{
    "eventVersion": "1.05",
    "userIdentity": {
        "type": "",
        "principalId": "",
        "arn": "",
        "accountId": "",
        "accessKeyId": "",
        "userName": "",
        "sessionContext": {
            "attributes": {
                "mfaAuthenticated": "",
                "creationDate": "",
                "sourceIdentity": ""
            },
            "sessionIssuer": {
                "type": "",
                "userName": "",
                "principalId": "",
                "arn": "",
                "accountId": ""
            },
            "webIdFederationData": {
                "federatedProvider": "",
                "attributes": ""
            }
        },
        "invokedBy": ""
    },
    "eventTime": "2020-02-26T00:56:34Z",
    "eventSource": "ec2.amazonaws.com",
    "eventName": "CreateTrafficMirrorFilter",
    "awsRegion": "",
    "sourceIPAddress": "10.1.1.1",
    "userAgent": "",
    "errorCode": "",
    "errorMessage": "",
    "requestParameters": {
        "ClientToken": "",
        "Description": "",
        "DryRun": "",
        "TagSpecification.N": [
            {
                "ResourceType": "",
                "Tags": [
                    {
                        "Key": "",
                        "Value": ""
                    }
                ]
            }
        ]
    },
    "responseElements": {
        "clientToken": "",
        "requestId": "",
        "trafficMirrorFilter": [
            {
                "description": "",
                "egressFilterRuleSet": [
                    {
                        "description": "",
                        "destinationCidrBlock": "",
                        "destinationPortRange": [
                            {
                                "fromPort": "",
                                "toPort": ""
                            }
                        ],
                        "protocol": "",
                        "ruleAction": "",
                        "ruleNumber": "",
                        "sourceCidrBlock": "",
                        "sourcePortRange": [
                            {
                                "fromPort": "",
                                "toPort": ""
                            }
                        ],
                        "tagSet": [
                            {
                                "Key": "",
                                "Value": ""
                            }
                        ],
                        "trafficDirection": "",
                        "trafficMirrorFilterId": "",
                        "trafficMirrorFilterRuleId": ""
                    }
                ],
                "ingressFilterRuleSet": [
                    {
                        "description": "",
                        "destinationCidrBlock": "",
                        "destinationPortRange": "TrafficMirrorPortRange",
                        "protocol": "",
                        "ruleAction": "",
                        "ruleNumber": "",
                        "sourceCidrBlock": "",
                        "sourcePortRange": "TrafficMirrorPortRange",
                        "tagSet": [
                            {
                                "Key": "",
                                "Value": ""
                            }
                        ],
                        "trafficDirection": "",
                        "trafficMirrorFilterId": "",
                        "trafficMirrorFilterRuleId": ""
                    }
                ],
                "networkServiceSet": "",
                "tagSet": "Tag",
                "trafficMirrorFilterId": ""
            }
        ]
    },
    "requestID": "",
    "eventType": "",
    "apiVersion": "",
    "managementEvent": "",
    "readOnly": "",
    "resources": "",
    "recipientAccountId": "",
    "serviceEventDetails": "",
    "sharedEventID": "",
    "vpcEndpointId": "",
    "eventCategory": "",
    "addendum": "",
    "sessionCredentialFromConsole": "",
    "edgeDeviceDetails": "",
    "tlsDetails": {
        "tlsVersion": "",
        "cipherSuite": "",
        "clientProvidedHostHeader": ""
    },
    "eventID": ""
}