{
    "eventVersion": "1.05",
    "userIdentity": {
        "type": "",
        "principalId": "",
        "arn": "",
        "accountId": "",
        "accessKeyId": "",
        "userName": "",
        "sessionContext": {
            "attributes": {
                "mfaAuthenticated": "",
                "creationDate": "",
                "sourceIdentity": ""
            },
            "sessionIssuer": {
                "type": "",
                "userName": "",
                "principalId": "",
                "arn": "",
                "accountId": ""
            },
            "webIdFederationData": {
                "federatedProvider": "",
                "attributes": ""
            }
        },
        "invokedBy": ""
    },
    "eventTime": "2020-02-26T00:56:34Z",
    "eventSource": "ec2.amazonaws.com",
    "eventName": "CreateVpc",
    "awsRegion": "",
    "sourceIPAddress": "10.1.1.1",
    "userAgent": "",
    "errorCode": "",
    "errorMessage": "",
    "requestParameters": {
        "AmazonProvidedIpv6CidrBlock": "",
        "CidrBlock": "",
        "DryRun": "",
        "InstanceTenancy": "",
        "Ipv4IpamPoolId": "",
        "Ipv4NetmaskLength": "",
        "Ipv6CidrBlock": "",
        "Ipv6CidrBlockNetworkBorderGroup": "",
        "Ipv6IpamPoolId": "",
        "Ipv6NetmaskLength": "",
        "Ipv6Pool": "",
        "TagSpecification.N": [
            {
                "ResourceType": "",
                "Tags": [
                    {
                        "Key": "",
                        "Value": ""
                    }
                ]
            }
        ]
    },
    "responseElements": {
        "requestId": "",
        "vpc": [
            {
                "cidrBlock": "",
                "cidrBlockAssociationSet": [
                    {
                        "associationId": "",
                        "cidrBlock": "",
                        "cidrBlockState": [
                            {
                                "state": "",
                                "statusMessage": ""
                            }
                        ]
                    }
                ],
                "dhcpOptionsId": "",
                "instanceTenancy": "",
                "ipv6CidrBlockAssociationSet": [
                    {
                        "associationId": "",
                        "ipv6CidrBlock": "",
                        "ipv6CidrBlockState": [
                            {
                                "state": "",
                                "statusMessage": ""
                            }
                        ],
                        "ipv6Pool": "",
                        "networkBorderGroup": ""
                    }
                ],
                "isDefault": "",
                "ownerId": "",
                "state": "",
                "tagSet": [
                    {
                        "Key": "",
                        "Value": ""
                    }
                ],
                "vpcId": ""
            }
        ]
    },
    "requestID": "",
    "eventType": "",
    "apiVersion": "",
    "managementEvent": "",
    "readOnly": "",
    "resources": "",
    "recipientAccountId": "",
    "serviceEventDetails": "",
    "sharedEventID": "",
    "vpcEndpointId": "",
    "eventCategory": "",
    "addendum": "",
    "sessionCredentialFromConsole": "",
    "edgeDeviceDetails": "",
    "tlsDetails": {
        "tlsVersion": "",
        "cipherSuite": "",
        "clientProvidedHostHeader": ""
    },
    "eventID": ""
}