{
    "eventVersion": "1.05",
    "userIdentity": {
        "type": "",
        "principalId": "",
        "arn": "",
        "accountId": "",
        "accessKeyId": "",
        "userName": "",
        "sessionContext": {
            "attributes": {
                "mfaAuthenticated": "",
                "creationDate": "",
                "sourceIdentity": ""
            },
            "sessionIssuer": {
                "type": "",
                "userName": "",
                "principalId": "",
                "arn": "",
                "accountId": ""
            },
            "webIdFederationData": {
                "federatedProvider": "",
                "attributes": ""
            }
        },
        "invokedBy": ""
    },
    "eventTime": "2020-02-26T00:56:34Z",
    "eventSource": "ec2.amazonaws.com",
    "eventName": "CreateNetworkAcl",
    "awsRegion": "",
    "sourceIPAddress": "10.1.1.1",
    "userAgent": "",
    "errorCode": "",
    "errorMessage": "",
    "requestParameters": {
        "ClientToken": "",
        "DryRun": "",
        "TagSpecification.N": [
            {
                "ResourceType": "",
                "Tags": [
                    {
                        "Key": "",
                        "Value": ""
                    }
                ]
            }
        ],
        "VpcId": ""
    },
    "responseElements": {
        "clientToken": "",
        "networkAcl": [
            {
                "associationSet": [
                    {
                        "networkAclAssociationId": "",
                        "networkAclId": "",
                        "subnetId": ""
                    }
                ],
                "default": "",
                "entrySet": [
                    {
                        "cidrBlock": "",
                        "egress": "",
                        "icmpTypeCode": [
                            {
                                "Code": "",
                                "Type": ""
                            }
                        ],
                        "ipv6CidrBlock": "",
                        "portRange": [
                            {
                                "From": "",
                                "To": ""
                            }
                        ],
                        "protocol": "",
                        "ruleAction": "",
                        "ruleNumber": ""
                    }
                ],
                "networkAclId": "",
                "ownerId": "",
                "tagSet": [
                    {
                        "Key": "",
                        "Value": ""
                    }
                ],
                "vpcId": ""
            }
        ],
        "requestId": ""
    },
    "requestID": "",
    "eventType": "",
    "apiVersion": "",
    "managementEvent": "",
    "readOnly": "",
    "resources": "",
    "recipientAccountId": "",
    "serviceEventDetails": "",
    "sharedEventID": "",
    "vpcEndpointId": "",
    "eventCategory": "",
    "addendum": "",
    "sessionCredentialFromConsole": "",
    "edgeDeviceDetails": "",
    "tlsDetails": {
        "tlsVersion": "",
        "cipherSuite": "",
        "clientProvidedHostHeader": ""
    },
    "eventID": ""
}