{
    "eventVersion": "1.05",
    "userIdentity": {
        "type": "",
        "principalId": "",
        "arn": "",
        "accountId": "",
        "accessKeyId": "",
        "userName": "",
        "sessionContext": {
            "attributes": {
                "mfaAuthenticated": "",
                "creationDate": "",
                "sourceIdentity": ""
            },
            "sessionIssuer": {
                "type": "",
                "userName": "",
                "principalId": "",
                "arn": "",
                "accountId": ""
            },
            "webIdFederationData": {
                "federatedProvider": "",
                "attributes": ""
            }
        },
        "invokedBy": ""
    },
    "eventTime": "2020-02-26T00:56:34Z",
    "eventSource": "ec2.amazonaws.com",
    "eventName": "DeleteVerifiedAccessTrustProvider",
    "awsRegion": "",
    "sourceIPAddress": "10.1.1.1",
    "userAgent": "",
    "errorCode": "",
    "errorMessage": "",
    "requestParameters": {
        "ClientToken": "",
        "DryRun": "",
        "VerifiedAccessTrustProviderId": ""
    },
    "responseElements": {
        "requestId": "",
        "verifiedAccessTrustProvider": [
            {
                "creationTime": "",
                "description": "",
                "deviceOptions": [
                    {
                        "publicSigningKeyUrl": "",
                        "tenantId": ""
                    }
                ],
                "deviceTrustProviderType": "",
                "lastUpdatedTime": "",
                "oidcOptions": [
                    {
                        "authorizationEndpoint": "",
                        "clientId": "",
                        "clientSecret": "",
                        "issuer": "",
                        "scope": "",
                        "tokenEndpoint": "",
                        "userInfoEndpoint": ""
                    }
                ],
                "policyReferenceName": "",
                "sseSpecification": [
                    {
                        "customerManagedKeyEnabled": "",
                        "kmsKeyArn": ""
                    }
                ],
                "tagSet": [
                    {
                        "Key": "",
                        "Value": ""
                    }
                ],
                "trustProviderType": "",
                "userTrustProviderType": "",
                "verifiedAccessTrustProviderId": ""
            }
        ]
    },
    "requestID": "",
    "eventType": "",
    "apiVersion": "",
    "managementEvent": "",
    "readOnly": "",
    "resources": "",
    "recipientAccountId": "",
    "serviceEventDetails": "",
    "sharedEventID": "",
    "vpcEndpointId": "",
    "eventCategory": "",
    "addendum": "",
    "sessionCredentialFromConsole": "",
    "edgeDeviceDetails": "",
    "tlsDetails": {
        "tlsVersion": "",
        "cipherSuite": "",
        "clientProvidedHostHeader": ""
    },
    "eventID": ""
}