{
    "action": "CreateNetworkInsightsAccessScope",
    "request_parameters": {
        "ClientToken": "",
        "DryRun": "",
        "ExcludePath.N": {
            "Destination": {
                "PacketHeaderStatement": {
                    "DestinationAddresses": "",
                    "DestinationPorts": "",
                    "DestinationPrefixLists": "",
                    "Protocols": "",
                    "SourceAddresses": "",
                    "SourcePorts": "",
                    "SourcePrefixLists": ""
                },
                "ResourceStatement": {
                    "Resources": "",
                    "ResourceTypes": ""
                }
            },
            "Source": "PathStatementRequest",
            "ThroughResources": {
                "ResourceStatement": "ResourceStatementRequest"
            }
        },
        "MatchPath.N": {
            "Destination": {
                "PacketHeaderStatement": {
                    "DestinationAddresses": "",
                    "DestinationPorts": "",
                    "DestinationPrefixLists": "",
                    "Protocols": "",
                    "SourceAddresses": "",
                    "SourcePorts": "",
                    "SourcePrefixLists": ""
                },
                "ResourceStatement": {
                    "Resources": "",
                    "ResourceTypes": ""
                }
            },
            "Source": "PathStatementRequest",
            "ThroughResources": {
                "ResourceStatement": "ResourceStatementRequest"
            }
        },
        "TagSpecification.N": {
            "ResourceType": "",
            "Tags": {
                "Key": "",
                "Value": ""
            }
        }
    },
    "response_elements": {
        "networkInsightsAccessScope": {
            "createdDate": "",
            "networkInsightsAccessScopeArn": "",
            "networkInsightsAccessScopeId": "",
            "tagSet": {
                "Key": "",
                "Value": ""
            },
            "updatedDate": ""
        },
        "networkInsightsAccessScopeContent": {
            "excludePathSet": {
                "destination": {
                    "packetHeaderStatement": {
                        "destinationAddressSet": "",
                        "destinationPortSet": "",
                        "destinationPrefixListSet": "",
                        "protocolSet": "",
                        "sourceAddressSet": "",
                        "sourcePortSet": "",
                        "sourcePrefixListSet": ""
                    },
                    "resourceStatement": {
                        "resourceSet": "",
                        "resourceTypeSet": ""
                    }
                },
                "source": "PathStatement",
                "throughResourceSet": {
                    "resourceStatement": "ResourceStatement"
                }
            },
            "matchPathSet": "AccessScopePath",
            "networkInsightsAccessScopeId": ""
        },
        "requestId": ""
    }
}