{
    "action": "CreateNetworkInterfacePermission",
    "request_parameters": {
        "AwsAccountId": "",
        "AwsService": "",
        "DryRun": "",
        "NetworkInterfaceId": "",
        "Permission": ""
    },
    "response_elements": {
        "interfacePermission": {
            "awsAccountId": "",
            "awsService": "",
            "networkInterfaceId": "",
            "networkInterfacePermissionId": "",
            "permission": "",
            "permissionState": {
                "state": "",
                "statusMessage": ""
            }
        },
        "requestId": ""
    }
}