{
    "action": "CreateTrafficMirrorSession",
    "request_parameters": {
        "ClientToken": "",
        "Description": "",
        "DryRun": "",
        "NetworkInterfaceId": "",
        "PacketLength": "",
        "SessionNumber": "",
        "TagSpecification.N": {
            "ResourceType": "",
            "Tags": {
                "Key": "",
                "Value": ""
            }
        },
        "TrafficMirrorFilterId": "",
        "TrafficMirrorTargetId": "",
        "VirtualNetworkId": ""
    },
    "response_elements": {
        "clientToken": "",
        "requestId": "",
        "trafficMirrorSession": {
            "description": "",
            "networkInterfaceId": "",
            "ownerId": "",
            "packetLength": "",
            "sessionNumber": "",
            "tagSet": {
                "Key": "",
                "Value": ""
            },
            "trafficMirrorFilterId": "",
            "trafficMirrorSessionId": "",
            "trafficMirrorTargetId": "",
            "virtualNetworkId": ""
        }
    }
}