{
    "action": "CreateTrafficMirrorTarget",
    "request_parameters": {
        "ClientToken": "",
        "Description": "",
        "DryRun": "",
        "GatewayLoadBalancerEndpointId": "",
        "NetworkInterfaceId": "",
        "NetworkLoadBalancerArn": "",
        "TagSpecification.N": {
            "ResourceType": "",
            "Tags": {
                "Key": "",
                "Value": ""
            }
        }
    },
    "response_elements": {
        "clientToken": "",
        "requestId": "",
        "trafficMirrorTarget": {
            "description": "",
            "gatewayLoadBalancerEndpointId": "",
            "networkInterfaceId": "",
            "networkLoadBalancerArn": "",
            "ownerId": "",
            "tagSet": {
                "Key": "",
                "Value": ""
            },
            "trafficMirrorTargetId": "",
            "type": ""
        }
    }
}