{
    "action": "DescribeIpamResourceDiscoveryAssociations",
    "request_parameters": {
        "DryRun": "",
        "Filter.N": {
            "Name": "",
            "Values": ""
        },
        "IpamResourceDiscoveryAssociationId.N": "",
        "MaxResults": "",
        "NextToken": ""
    },
    "response_elements": {
        "ipamResourceDiscoveryAssociationSet": {
            "ipamArn": "",
            "ipamId": "",
            "ipamRegion": "",
            "ipamResourceDiscoveryAssociationArn": "",
            "ipamResourceDiscoveryAssociationId": "",
            "ipamResourceDiscoveryId": "",
            "isDefault": "",
            "ownerId": "",
            "resourceDiscoveryStatus": "",
            "state": "",
            "tagSet": {
                "Key": "",
                "Value": ""
            }
        },
        "nextToken": "",
        "requestId": ""
    }
}