{
    "action": "CreateVerifiedAccessGroup",
    "request_parameters": {
        "ClientToken": "",
        "Description": "",
        "DryRun": "",
        "PolicyDocument": "",
        "SseSpecification": {
            "CustomerManagedKeyEnabled": "",
            "KmsKeyArn": ""
        },
        "TagSpecification.N": {
            "ResourceType": "",
            "Tags": {
                "Key": "",
                "Value": ""
            }
        },
        "VerifiedAccessInstanceId": ""
    },
    "response_elements": {
        "requestId": "",
        "verifiedAccessGroup": {
            "creationTime": "",
            "deletionTime": "",
            "description": "",
            "lastUpdatedTime": "",
            "owner": "",
            "sseSpecification": {
                "customerManagedKeyEnabled": "",
                "kmsKeyArn": ""
            },
            "tagSet": {
                "Key": "",
                "Value": ""
            },
            "verifiedAccessGroupArn": "",
            "verifiedAccessGroupId": "",
            "verifiedAccessInstanceId": ""
        }
    }
}