{
    "action": "CreateTransitGatewayConnectPeer",
    "request_parameters": {
        "BgpOptions": {
            "PeerAsn": ""
        },
        "DryRun": "",
        "InsideCidrBlocks.N": "",
        "PeerAddress": "",
        "TagSpecification.N": {
            "ResourceType": "",
            "Tags": {
                "Key": "",
                "Value": ""
            }
        },
        "TransitGatewayAddress": "",
        "TransitGatewayAttachmentId": ""
    },
    "response_elements": {
        "requestId": "",
        "transitGatewayConnectPeer": {
            "connectPeerConfiguration": {
                "bgpConfigurations": {
                    "bgpStatus": "",
                    "peerAddress": "",
                    "peerAsn": "",
                    "transitGatewayAddress": "",
                    "transitGatewayAsn": ""
                },
                "insideCidrBlocks": "",
                "peerAddress": "",
                "protocol": "",
                "transitGatewayAddress": ""
            },
            "creationTime": "",
            "state": "",
            "tagSet": {
                "Key": "",
                "Value": ""
            },
            "transitGatewayAttachmentId": "",
            "transitGatewayConnectPeerId": ""
        }
    }
}