{
    "action": "CreateLocalGatewayRouteTable",
    "request_parameters": {
        "DryRun": "",
        "LocalGatewayId": "",
        "Mode": "",
        "TagSpecification.N": {
            "ResourceType": "",
            "Tags": {
                "Key": "",
                "Value": ""
            }
        }
    },
    "response_elements": {
        "localGatewayRouteTable": {
            "localGatewayId": "",
            "localGatewayRouteTableArn": "",
            "localGatewayRouteTableId": "",
            "mode": "",
            "outpostArn": "",
            "ownerId": "",
            "state": "",
            "stateReason": {
                "code": "",
                "message": ""
            },
            "tagSet": {
                "Key": "",
                "Value": ""
            }
        },
        "requestId": ""
    }
}