{
    "action": "DeleteInstanceConnectEndpoint",
    "request_parameters": {
        "DryRun": "",
        "InstanceConnectEndpointId": ""
    },
    "response_elements": {
        "instanceConnectEndpoint": {
            "availabilityZone": "",
            "createdAt": "",
            "dnsName": "",
            "fipsDnsName": "",
            "instanceConnectEndpointArn": "",
            "instanceConnectEndpointId": "",
            "networkInterfaceIdSet": "",
            "ownerId": "",
            "preserveClientIp": "",
            "securityGroupIdSet": "",
            "state": "",
            "stateMessage": "",
            "subnetId": "",
            "tagSet": {
                "Key": "",
                "Value": ""
            },
            "vpcId": ""
        },
        "requestId": ""
    }
}