{
    "action": "CreateManagedPrefixList",
    "request_parameters": {
        "AddressFamily": "",
        "ClientToken": "",
        "DryRun": "",
        "Entry.N": {
            "Cidr": "",
            "Description": ""
        },
        "MaxEntries": "",
        "PrefixListName": "",
        "TagSpecification.N": {
            "ResourceType": "",
            "Tags": {
                "Key": "",
                "Value": ""
            }
        }
    },
    "response_elements": {
        "prefixList": {
            "addressFamily": "",
            "maxEntries": "",
            "ownerId": "",
            "prefixListArn": "",
            "prefixListId": "",
            "prefixListName": "",
            "state": "",
            "stateMessage": "",
            "tagSet": {
                "Key": "",
                "Value": ""
            },
            "version": ""
        },
        "requestId": ""
    }
}