{
    "action": "DescribeIpams",
    "request_parameters": {
        "DryRun": "",
        "Filter.N": {
            "Name": "",
            "Values": ""
        },
        "IpamId.N": "",
        "MaxResults": "",
        "NextToken": ""
    },
    "response_elements": {
        "ipamSet": {
            "defaultResourceDiscoveryAssociationId": "",
            "defaultResourceDiscoveryId": "",
            "description": "",
            "ipamArn": "",
            "ipamId": "",
            "ipamRegion": "",
            "operatingRegionSet": {
                "regionName": ""
            },
            "ownerId": "",
            "privateDefaultScopeId": "",
            "publicDefaultScopeId": "",
            "resourceDiscoveryAssociationCount": "",
            "scopeCount": "",
            "state": "",
            "stateMessage": "",
            "tagSet": {
                "Key": "",
                "Value": ""
            },
            "tier": ""
        },
        "nextToken": "",
        "requestId": ""
    }
}