{
    "action": "DescribeInternetGateways",
    "request_parameters": {
        "DryRun": "",
        "Filter.N": {
            "Name": "",
            "Values": ""
        },
        "InternetGatewayId.N": "",
        "MaxResults": "",
        "NextToken": ""
    },
    "response_elements": {
        "internetGatewaySet": {
            "attachmentSet": {
                "state": "",
                "vpcId": ""
            },
            "internetGatewayId": "",
            "ownerId": "",
            "tagSet": {
                "Key": "",
                "Value": ""
            }
        },
        "nextToken": "",
        "requestId": ""
    }
}