{
    "action": "CreateNetworkInterface",
    "request_parameters": {
        "ClientToken": "",
        "ConnectionTrackingSpecification": {
            "TcpEstablishedTimeout": "",
            "UdpStreamTimeout": "",
            "UdpTimeout": ""
        },
        "Description": "",
        "DryRun": "",
        "EnablePrimaryIpv6": "",
        "InterfaceType": "",
        "Ipv4Prefix.N": {
            "Ipv4Prefix": ""
        },
        "Ipv4PrefixCount": "",
        "Ipv6AddressCount": "",
        "Ipv6Addresses.N": {
            "Ipv6Address": "",
            "IsPrimaryIpv6": ""
        },
        "Ipv6Prefix.N": {
            "Ipv6Prefix": ""
        },
        "Ipv6PrefixCount": "",
        "PrivateIpAddress": "",
        "PrivateIpAddresses.N": {
            "Primary": "",
            "PrivateIpAddress": ""
        },
        "SecondaryPrivateIpAddressCount": "",
        "SecurityGroupId.N": "",
        "SubnetId": "",
        "TagSpecification.N": {
            "ResourceType": "",
            "Tags": {
                "Key": "",
                "Value": ""
            }
        }
    },
    "response_elements": {
        "clientToken": "",
        "networkInterface": {
            "association": {
                "allocationId": "",
                "associationId": "",
                "carrierIp": "",
                "customerOwnedIp": "",
                "ipOwnerId": "",
                "publicDnsName": "",
                "publicIp": ""
            },
            "attachment": {
                "attachmentId": "",
                "attachTime": "",
                "deleteOnTermination": "",
                "deviceIndex": "",
                "enaSrdSpecification": {
                    "enaSrdEnabled": "",
                    "enaSrdUdpSpecification": {
                        "enaSrdUdpEnabled": ""
                    }
                },
                "instanceId": "",
                "instanceOwnerId": "",
                "networkCardIndex": "",
                "status": ""
            },
            "availabilityZone": "",
            "connectionTrackingConfiguration": {
                "tcpEstablishedTimeout": "",
                "udpStreamTimeout": "",
                "udpTimeout": ""
            },
            "denyAllIgwTraffic": "",
            "description": "",
            "groupSet": {
                "GroupId": "",
                "GroupName": ""
            },
            "interfaceType": "",
            "ipv4PrefixSet": {
                "ipv4Prefix": ""
            },
            "ipv6Address": "",
            "ipv6AddressesSet": {
                "ipv6Address": "",
                "isPrimaryIpv6": ""
            },
            "ipv6Native": "",
            "ipv6PrefixSet": {
                "ipv6Prefix": ""
            },
            "macAddress": "",
            "networkInterfaceId": "",
            "outpostArn": "",
            "ownerId": "",
            "privateDnsName": "",
            "privateIpAddress": "",
            "privateIpAddressesSet": {
                "association": "NetworkInterfaceAssociation",
                "primary": "",
                "privateDnsName": "",
                "privateIpAddress": ""
            },
            "requesterId": "",
            "requesterManaged": "",
            "sourceDestCheck": "",
            "status": "",
            "subnetId": "",
            "tagSet": {
                "Key": "",
                "Value": ""
            },
            "vpcId": ""
        },
        "requestId": ""
    }
}