{
    "action": "CreateRoute",
    "request_parameters": {
        "CarrierGatewayId": "",
        "CoreNetworkArn": "",
        "DestinationCidrBlock": "",
        "DestinationIpv6CidrBlock": "",
        "DestinationPrefixListId": "",
        "DryRun": "",
        "EgressOnlyInternetGatewayId": "",
        "GatewayId": "",
        "InstanceId": "",
        "LocalGatewayId": "",
        "NatGatewayId": "",
        "NetworkInterfaceId": "",
        "RouteTableId": "",
        "TransitGatewayId": "",
        "VpcEndpointId": "",
        "VpcPeeringConnectionId": ""
    },
    "response_elements": {
        "requestId": "",
        "return": ""
    }
}