{
    "action": "CreateTrafficMirrorFilterRule",
    "request_parameters": {
        "ClientToken": "",
        "Description": "",
        "DestinationCidrBlock": "",
        "DestinationPortRange": {
            "FromPort": "",
            "ToPort": ""
        },
        "DryRun": "",
        "Protocol": "",
        "RuleAction": "",
        "RuleNumber": "",
        "SourceCidrBlock": "",
        "SourcePortRange": {
            "FromPort": "",
            "ToPort": ""
        },
        "TagSpecification.N": {
            "ResourceType": "",
            "Tags": {
                "Key": "",
                "Value": ""
            }
        },
        "TrafficDirection": "",
        "TrafficMirrorFilterId": ""
    },
    "response_elements": {
        "clientToken": "",
        "requestId": "",
        "trafficMirrorFilterRule": {
            "description": "",
            "destinationCidrBlock": "",
            "destinationPortRange": {
                "fromPort": "",
                "toPort": ""
            },
            "protocol": "",
            "ruleAction": "",
            "ruleNumber": "",
            "sourceCidrBlock": "",
            "sourcePortRange": "TrafficMirrorPortRange",
            "tagSet": {
                "Key": "",
                "Value": ""
            },
            "trafficDirection": "",
            "trafficMirrorFilterId": "",
            "trafficMirrorFilterRuleId": ""
        }
    }
}