{
    "action": "DescribeLocalGatewayRouteTables",
    "request_parameters": {
        "DryRun": "",
        "Filter.N": {
            "Name": "",
            "Values": ""
        },
        "LocalGatewayRouteTableId.N": "",
        "MaxResults": "",
        "NextToken": ""
    },
    "response_elements": {
        "localGatewayRouteTableSet": {
            "localGatewayId": "",
            "localGatewayRouteTableArn": "",
            "localGatewayRouteTableId": "",
            "mode": "",
            "outpostArn": "",
            "ownerId": "",
            "state": "",
            "stateReason": {
                "code": "",
                "message": ""
            },
            "tagSet": {
                "Key": "",
                "Value": ""
            }
        },
        "nextToken": "",
        "requestId": ""
    }
}