{
    "action": "DescribeCapacityBlockOfferings",
    "request_parameters": {
        "CapacityDurationHours": "",
        "DryRun": "",
        "EndDateRange": "",
        "InstanceCount": "",
        "InstanceType": "",
        "MaxResults": "",
        "NextToken": "",
        "StartDateRange": ""
    },
    "response_elements": {
        "capacityBlockOfferingSet": {
            "availabilityZone": "",
            "capacityBlockDurationHours": "",
            "capacityBlockOfferingId": "",
            "currencyCode": "",
            "endDate": "",
            "instanceCount": "",
            "instanceType": "",
            "startDate": "",
            "tenancy": "",
            "upfrontFee": ""
        },
        "nextToken": "",
        "requestId": ""
    }
}