{
    "action": "DeleteVerifiedAccessTrustProvider",
    "request_parameters": {
        "ClientToken": "",
        "DryRun": "",
        "VerifiedAccessTrustProviderId": ""
    },
    "response_elements": {
        "requestId": "",
        "verifiedAccessTrustProvider": {
            "creationTime": "",
            "description": "",
            "deviceOptions": {
                "publicSigningKeyUrl": "",
                "tenantId": ""
            },
            "deviceTrustProviderType": "",
            "lastUpdatedTime": "",
            "oidcOptions": {
                "authorizationEndpoint": "",
                "clientId": "",
                "clientSecret": "",
                "issuer": "",
                "scope": "",
                "tokenEndpoint": "",
                "userInfoEndpoint": ""
            },
            "policyReferenceName": "",
            "sseSpecification": {
                "customerManagedKeyEnabled": "",
                "kmsKeyArn": ""
            },
            "tagSet": {
                "Key": "",
                "Value": ""
            },
            "trustProviderType": "",
            "userTrustProviderType": "",
            "verifiedAccessTrustProviderId": ""
        }
    }
}