{
    "action": "DeleteTransitGateway",
    "request_parameters": {
        "DryRun": "",
        "TransitGatewayId": ""
    },
    "response_elements": {
        "requestId": "",
        "transitGateway": {
            "creationTime": "",
            "description": "",
            "options": {
                "amazonSideAsn": "",
                "associationDefaultRouteTableId": "",
                "autoAcceptSharedAttachments": "",
                "defaultRouteTableAssociation": "",
                "defaultRouteTablePropagation": "",
                "dnsSupport": "",
                "multicastSupport": "",
                "propagationDefaultRouteTableId": "",
                "securityGroupReferencingSupport": "",
                "transitGatewayCidrBlocks": "",
                "vpnEcmpSupport": ""
            },
            "ownerId": "",
            "state": "",
            "tagSet": {
                "Key": "",
                "Value": ""
            },
            "transitGatewayArn": "",
            "transitGatewayId": ""
        }
    }
}