{
    "action": "CreateNetworkInsightsPath",
    "request_parameters": {
        "ClientToken": "",
        "Destination": "",
        "DestinationIp": "",
        "DestinationPort": "",
        "DryRun": "",
        "FilterAtDestination": {
            "DestinationAddress": "",
            "DestinationPortRange": {
                "FromPort": "",
                "ToPort": ""
            },
            "SourceAddress": "",
            "SourcePortRange": "RequestFilterPortRange"
        },
        "FilterAtSource": {
            "DestinationAddress": "",
            "DestinationPortRange": {
                "FromPort": "",
                "ToPort": ""
            },
            "SourceAddress": "",
            "SourcePortRange": "RequestFilterPortRange"
        },
        "Protocol": "",
        "Source": "",
        "SourceIp": "",
        "TagSpecification.N": {
            "ResourceType": "",
            "Tags": {
                "Key": "",
                "Value": ""
            }
        }
    },
    "response_elements": {
        "networkInsightsPath": {
            "createdDate": "",
            "destination": "",
            "destinationArn": "",
            "destinationIp": "",
            "destinationPort": "",
            "filterAtDestination": {
                "destinationAddress": "",
                "destinationPortRange": {
                    "fromPort": "",
                    "toPort": ""
                },
                "sourceAddress": "",
                "sourcePortRange": "FilterPortRange"
            },
            "filterAtSource": "PathFilter",
            "networkInsightsPathArn": "",
            "networkInsightsPathId": "",
            "protocol": "",
            "source": "",
            "sourceArn": "",
            "sourceIp": "",
            "tagSet": {
                "Key": "",
                "Value": ""
            }
        },
        "requestId": ""
    }
}