{
    "action": "CreateLocalGatewayRoute",
    "request_parameters": {
        "DestinationCidrBlock": "",
        "DestinationPrefixListId": "",
        "DryRun": "",
        "LocalGatewayRouteTableId": "",
        "LocalGatewayVirtualInterfaceGroupId": "",
        "NetworkInterfaceId": ""
    },
    "response_elements": {
        "requestId": "",
        "route": {
            "coipPoolId": "",
            "destinationCidrBlock": "",
            "destinationPrefixListId": "",
            "localGatewayRouteTableArn": "",
            "localGatewayRouteTableId": "",
            "localGatewayVirtualInterfaceGroupId": "",
            "networkInterfaceId": "",
            "ownerId": "",
            "state": "",
            "subnetId": "",
            "type": ""
        }
    }
}