{
    "action": "DeleteTransitGatewayPolicyTable",
    "request_parameters": {
        "DryRun": "",
        "TransitGatewayPolicyTableId": ""
    },
    "response_elements": {
        "requestId": "",
        "transitGatewayPolicyTable": {
            "creationTime": "",
            "state": "",
            "tagSet": {
                "Key": "",
                "Value": ""
            },
            "transitGatewayId": "",
            "transitGatewayPolicyTableId": ""
        }
    }
}