{
    "action": "CreateTransitGatewayRoute",
    "request_parameters": {
        "Blackhole": "",
        "DestinationCidrBlock": "",
        "DryRun": "",
        "TransitGatewayAttachmentId": "",
        "TransitGatewayRouteTableId": ""
    },
    "response_elements": {
        "requestId": "",
        "route": {
            "destinationCidrBlock": "",
            "prefixListId": "",
            "state": "",
            "transitGatewayAttachments": {
                "resourceId": "",
                "resourceType": "",
                "transitGatewayAttachmentId": ""
            },
            "transitGatewayRouteTableAnnouncementId": "",
            "type": ""
        }
    }
}