{
    "action": "CreateTransitGatewayConnect",
    "request_parameters": {
        "DryRun": "",
        "Options": {
            "Protocol": ""
        },
        "TagSpecification.N": {
            "ResourceType": "",
            "Tags": {
                "Key": "",
                "Value": ""
            }
        },
        "TransportTransitGatewayAttachmentId": ""
    },
    "response_elements": {
        "requestId": "",
        "transitGatewayConnect": {
            "creationTime": "",
            "options": {
                "protocol": ""
            },
            "state": "",
            "tagSet": {
                "Key": "",
                "Value": ""
            },
            "transitGatewayAttachmentId": "",
            "transitGatewayId": "",
            "transportTransitGatewayAttachmentId": ""
        }
    }
}