{
    "action": "CreateIpamResourceDiscovery",
    "request_parameters": {
        "ClientToken": "",
        "Description": "",
        "DryRun": "",
        "OperatingRegion.N": {
            "RegionName": ""
        },
        "TagSpecification.N": {
            "ResourceType": "",
            "Tags": {
                "Key": "",
                "Value": ""
            }
        }
    },
    "response_elements": {
        "ipamResourceDiscovery": {
            "description": "",
            "ipamResourceDiscoveryArn": "",
            "ipamResourceDiscoveryId": "",
            "ipamResourceDiscoveryRegion": "",
            "isDefault": "",
            "operatingRegionSet": {
                "regionName": ""
            },
            "ownerId": "",
            "state": "",
            "tagSet": {
                "Key": "",
                "Value": ""
            }
        },
        "requestId": ""
    }
}