{
    "action": "DeleteTransitGatewayConnectPeer",
    "request_parameters": {
        "DryRun": "",
        "TransitGatewayConnectPeerId": ""
    },
    "response_elements": {
        "requestId": "",
        "transitGatewayConnectPeer": {
            "connectPeerConfiguration": {
                "bgpConfigurations": {
                    "bgpStatus": "",
                    "peerAddress": "",
                    "peerAsn": "",
                    "transitGatewayAddress": "",
                    "transitGatewayAsn": ""
                },
                "insideCidrBlocks": "",
                "peerAddress": "",
                "protocol": "",
                "transitGatewayAddress": ""
            },
            "creationTime": "",
            "state": "",
            "tagSet": {
                "Key": "",
                "Value": ""
            },
            "transitGatewayAttachmentId": "",
            "transitGatewayConnectPeerId": ""
        }
    }
}