{
    "action": "CreateReplaceRootVolumeTask",
    "request_parameters": {
        "ClientToken": "",
        "DeleteReplacedRootVolume": "",
        "DryRun": "",
        "ImageId": "",
        "InstanceId": "",
        "SnapshotId": "",
        "TagSpecification.N": {
            "ResourceType": "",
            "Tags": {
                "Key": "",
                "Value": ""
            }
        }
    },
    "response_elements": {
        "replaceRootVolumeTask": {
            "completeTime": "",
            "deleteReplacedRootVolume": "",
            "imageId": "",
            "instanceId": "",
            "replaceRootVolumeTaskId": "",
            "snapshotId": "",
            "startTime": "",
            "tagSet": {
                "Key": "",
                "Value": ""
            },
            "taskState": ""
        },
        "requestId": ""
    }
}