{
    "action": "DeleteVerifiedAccessGroup",
    "request_parameters": {
        "ClientToken": "",
        "DryRun": "",
        "VerifiedAccessGroupId": ""
    },
    "response_elements": {
        "requestId": "",
        "verifiedAccessGroup": {
            "creationTime": "",
            "deletionTime": "",
            "description": "",
            "lastUpdatedTime": "",
            "owner": "",
            "sseSpecification": {
                "customerManagedKeyEnabled": "",
                "kmsKeyArn": ""
            },
            "tagSet": {
                "Key": "",
                "Value": ""
            },
            "verifiedAccessGroupArn": "",
            "verifiedAccessGroupId": "",
            "verifiedAccessInstanceId": ""
        }
    }
}