{
    "action": "CreateInternetGateway",
    "request_parameters": {
        "DryRun": "",
        "TagSpecification.N": {
            "ResourceType": "",
            "Tags": {
                "Key": "",
                "Value": ""
            }
        }
    },
    "response_elements": {
        "internetGateway": {
            "attachmentSet": {
                "state": "",
                "vpcId": ""
            },
            "internetGatewayId": "",
            "ownerId": "",
            "tagSet": {
                "Key": "",
                "Value": ""
            }
        },
        "requestId": ""
    }
}