{
    "action": "CreateIpamScope",
    "request_parameters": {
        "ClientToken": "",
        "Description": "",
        "DryRun": "",
        "IpamId": "",
        "TagSpecification.N": {
            "ResourceType": "",
            "Tags": {
                "Key": "",
                "Value": ""
            }
        }
    },
    "response_elements": {
        "ipamScope": {
            "description": "",
            "ipamArn": "",
            "ipamRegion": "",
            "ipamScopeArn": "",
            "ipamScopeId": "",
            "ipamScopeType": "",
            "isDefault": "",
            "ownerId": "",
            "poolCount": "",
            "state": "",
            "tagSet": {
                "Key": "",
                "Value": ""
            }
        },
        "requestId": ""
    }
}