{
    "action": "CreateIpam",
    "request_parameters": {
        "ClientToken": "",
        "Description": "",
        "DryRun": "",
        "OperatingRegion.N": {
            "RegionName": ""
        },
        "TagSpecification.N": {
            "ResourceType": "",
            "Tags": {
                "Key": "",
                "Value": ""
            }
        },
        "Tier": ""
    },
    "response_elements": {
        "ipam": {
            "defaultResourceDiscoveryAssociationId": "",
            "defaultResourceDiscoveryId": "",
            "description": "",
            "ipamArn": "",
            "ipamId": "",
            "ipamRegion": "",
            "operatingRegionSet": {
                "regionName": ""
            },
            "ownerId": "",
            "privateDefaultScopeId": "",
            "publicDefaultScopeId": "",
            "resourceDiscoveryAssociationCount": "",
            "scopeCount": "",
            "state": "",
            "stateMessage": "",
            "tagSet": {
                "Key": "",
                "Value": ""
            },
            "tier": ""
        },
        "requestId": ""
    }
}