{
    "action": "CreateRouteTable",
    "request_parameters": {
        "ClientToken": "",
        "DryRun": "",
        "TagSpecification.N": {
            "ResourceType": "",
            "Tags": {
                "Key": "",
                "Value": ""
            }
        },
        "VpcId": ""
    },
    "response_elements": {
        "clientToken": "",
        "requestId": "",
        "routeTable": {
            "associationSet": {
                "associationState": {
                    "state": "",
                    "statusMessage": ""
                },
                "gatewayId": "",
                "main": "",
                "routeTableAssociationId": "",
                "routeTableId": "",
                "subnetId": ""
            },
            "ownerId": "",
            "propagatingVgwSet": {
                "gatewayId": ""
            },
            "routeSet": {
                "carrierGatewayId": "",
                "coreNetworkArn": "",
                "destinationCidrBlock": "",
                "destinationIpv6CidrBlock": "",
                "destinationPrefixListId": "",
                "egressOnlyInternetGatewayId": "",
                "gatewayId": "",
                "instanceId": "",
                "instanceOwnerId": "",
                "localGatewayId": "",
                "natGatewayId": "",
                "networkInterfaceId": "",
                "origin": "",
                "state": "",
                "transitGatewayId": "",
                "vpcPeeringConnectionId": ""
            },
            "routeTableId": "",
            "tagSet": {
                "Key": "",
                "Value": ""
            },
            "vpcId": ""
        }
    }
}