{
    "action": "DeleteVerifiedAccessInstance",
    "request_parameters": {
        "ClientToken": "",
        "DryRun": "",
        "VerifiedAccessInstanceId": ""
    },
    "response_elements": {
        "requestId": "",
        "verifiedAccessInstance": {
            "creationTime": "",
            "description": "",
            "fipsEnabled": "",
            "lastUpdatedTime": "",
            "tagSet": {
                "Key": "",
                "Value": ""
            },
            "verifiedAccessInstanceId": "",
            "verifiedAccessTrustProviderSet": {
                "description": "",
                "deviceTrustProviderType": "",
                "trustProviderType": "",
                "userTrustProviderType": "",
                "verifiedAccessTrustProviderId": ""
            }
        }
    }
}