{
    "action": "CreateVerifiedAccessEndpoint",
    "request_parameters": {
        "ApplicationDomain": "",
        "AttachmentType": "",
        "ClientToken": "",
        "Description": "",
        "DomainCertificateArn": "",
        "DryRun": "",
        "EndpointDomainPrefix": "",
        "EndpointType": "",
        "LoadBalancerOptions": {
            "LoadBalancerArn": "",
            "Port": "",
            "Protocol": "",
            "SubnetIds": ""
        },
        "NetworkInterfaceOptions": {
            "NetworkInterfaceId": "",
            "Port": "",
            "Protocol": ""
        },
        "PolicyDocument": "",
        "SecurityGroupId.N": "",
        "SseSpecification": {
            "CustomerManagedKeyEnabled": "",
            "KmsKeyArn": ""
        },
        "TagSpecification.N": {
            "ResourceType": "",
            "Tags": {
                "Key": "",
                "Value": ""
            }
        },
        "VerifiedAccessGroupId": ""
    },
    "response_elements": {
        "requestId": "",
        "verifiedAccessEndpoint": {
            "applicationDomain": "",
            "attachmentType": "",
            "creationTime": "",
            "deletionTime": "",
            "description": "",
            "deviceValidationDomain": "",
            "domainCertificateArn": "",
            "endpointDomain": "",
            "endpointType": "",
            "lastUpdatedTime": "",
            "loadBalancerOptions": {
                "loadBalancerArn": "",
                "port": "",
                "protocol": "",
                "subnetIdSet": ""
            },
            "networkInterfaceOptions": {
                "networkInterfaceId": "",
                "port": "",
                "protocol": ""
            },
            "securityGroupIdSet": "",
            "sseSpecification": {
                "customerManagedKeyEnabled": "",
                "kmsKeyArn": ""
            },
            "status": {
                "code": "",
                "message": ""
            },
            "tagSet": {
                "Key": "",
                "Value": ""
            },
            "verifiedAccessEndpointId": "",
            "verifiedAccessGroupId": "",
            "verifiedAccessInstanceId": ""
        }
    }
}