{
    "action": "CreateTransitGatewayPeeringAttachment",
    "request_parameters": {
        "DryRun": "",
        "Options": {
            "DynamicRouting": ""
        },
        "PeerAccountId": "",
        "PeerRegion": "",
        "PeerTransitGatewayId": "",
        "TagSpecification.N": {
            "ResourceType": "",
            "Tags": {
                "Key": "",
                "Value": ""
            }
        },
        "TransitGatewayId": ""
    },
    "response_elements": {
        "requestId": "",
        "transitGatewayPeeringAttachment": {
            "accepterTgwInfo": {
                "coreNetworkId": "",
                "ownerId": "",
                "region": "",
                "transitGatewayId": ""
            },
            "accepterTransitGatewayAttachmentId": "",
            "creationTime": "",
            "options": {
                "dynamicRouting": ""
            },
            "requesterTgwInfo": "PeeringTgwInfo",
            "state": "",
            "status": {
                "code": "",
                "message": ""
            },
            "tagSet": {
                "Key": "",
                "Value": ""
            },
            "transitGatewayAttachmentId": ""
        }
    }
}