{
    "action": "CreateVerifiedAccessTrustProvider",
    "request_parameters": {
        "ClientToken": "",
        "Description": "",
        "DeviceOptions": {
            "PublicSigningKeyUrl": "",
            "TenantId": ""
        },
        "DeviceTrustProviderType": "",
        "DryRun": "",
        "OidcOptions": {
            "AuthorizationEndpoint": "",
            "ClientId": "",
            "ClientSecret": "",
            "Issuer": "",
            "Scope": "",
            "TokenEndpoint": "",
            "UserInfoEndpoint": ""
        },
        "PolicyReferenceName": "",
        "SseSpecification": {
            "CustomerManagedKeyEnabled": "",
            "KmsKeyArn": ""
        },
        "TagSpecification.N": {
            "ResourceType": "",
            "Tags": {
                "Key": "",
                "Value": ""
            }
        },
        "TrustProviderType": "",
        "UserTrustProviderType": ""
    },
    "response_elements": {
        "requestId": "",
        "verifiedAccessTrustProvider": {
            "creationTime": "",
            "description": "",
            "deviceOptions": {
                "publicSigningKeyUrl": "",
                "tenantId": ""
            },
            "deviceTrustProviderType": "",
            "lastUpdatedTime": "",
            "oidcOptions": {
                "authorizationEndpoint": "",
                "clientId": "",
                "clientSecret": "",
                "issuer": "",
                "scope": "",
                "tokenEndpoint": "",
                "userInfoEndpoint": ""
            },
            "policyReferenceName": "",
            "sseSpecification": {
                "customerManagedKeyEnabled": "",
                "kmsKeyArn": ""
            },
            "tagSet": {
                "Key": "",
                "Value": ""
            },
            "trustProviderType": "",
            "userTrustProviderType": "",
            "verifiedAccessTrustProviderId": ""
        }
    }
}