{
    "action": "CreateTrafficMirrorFilter",
    "request_parameters": {
        "ClientToken": "",
        "Description": "",
        "DryRun": "",
        "TagSpecification.N": {
            "ResourceType": "",
            "Tags": {
                "Key": "",
                "Value": ""
            }
        }
    },
    "response_elements": {
        "clientToken": "",
        "requestId": "",
        "trafficMirrorFilter": {
            "description": "",
            "egressFilterRuleSet": {
                "description": "",
                "destinationCidrBlock": "",
                "destinationPortRange": {
                    "fromPort": "",
                    "toPort": ""
                },
                "protocol": "",
                "ruleAction": "",
                "ruleNumber": "",
                "sourceCidrBlock": "",
                "sourcePortRange": "TrafficMirrorPortRange",
                "tagSet": {
                    "Key": "",
                    "Value": ""
                },
                "trafficDirection": "",
                "trafficMirrorFilterId": "",
                "trafficMirrorFilterRuleId": ""
            },
            "ingressFilterRuleSet": "TrafficMirrorFilterRule",
            "networkServiceSet": "",
            "tagSet": "Tag",
            "trafficMirrorFilterId": ""
        }
    }
}