{
    "action": "TrafficMirrorFilterRule",
    "content_parameters": {
        "description": "",
        "destinationCidrBlock": "",
        "destinationPortRange": "TrafficMirrorPortRange",
        "protocol": "",
        "ruleAction": "",
        "ruleNumber": "",
        "sourceCidrBlock": "",
        "sourcePortRange": "TrafficMirrorPortRange",
        "tagSet": "Tag",
        "trafficDirection": "",
        "trafficMirrorFilterId": "",
        "trafficMirrorFilterRuleId": ""
    }
}