{
    "action": "Ipam",
    "content_parameters": {
        "defaultResourceDiscoveryAssociationId": "",
        "defaultResourceDiscoveryId": "",
        "description": "",
        "ipamArn": "",
        "ipamId": "",
        "ipamRegion": "",
        "operatingRegionSet": "IpamOperatingRegion",
        "ownerId": "",
        "privateDefaultScopeId": "",
        "publicDefaultScopeId": "",
        "resourceDiscoveryAssociationCount": "",
        "scopeCount": "",
        "state": "",
        "stateMessage": "",
        "tagSet": "Tag",
        "tier": ""
    }
}