{
    "action": "VerifiedAccessEndpoint",
    "content_parameters": {
        "applicationDomain": "",
        "attachmentType": "",
        "creationTime": "",
        "deletionTime": "",
        "description": "",
        "deviceValidationDomain": "",
        "domainCertificateArn": "",
        "endpointDomain": "",
        "endpointType": "",
        "lastUpdatedTime": "",
        "loadBalancerOptions": "VerifiedAccessEndpointLoadBalancerOptions",
        "networkInterfaceOptions": "VerifiedAccessEndpointEniOptions",
        "securityGroupIdSet": "",
        "sseSpecification": "VerifiedAccessSseSpecificationResponse",
        "status": "VerifiedAccessEndpointStatus",
        "tagSet": "Tag",
        "verifiedAccessEndpointId": "",
        "verifiedAccessGroupId": "",
        "verifiedAccessInstanceId": ""
    }
}