{
    "action": "NetworkInterface",
    "content_parameters": {
        "association": "NetworkInterfaceAssociation",
        "attachment": "NetworkInterfaceAttachment",
        "availabilityZone": "",
        "connectionTrackingConfiguration": "ConnectionTrackingConfiguration",
        "denyAllIgwTraffic": "",
        "description": "",
        "groupSet": "GroupIdentifier",
        "interfaceType": "",
        "ipv4PrefixSet": "Ipv4PrefixSpecification",
        "ipv6Address": "",
        "ipv6AddressesSet": "NetworkInterfaceIpv6Address",
        "ipv6Native": "",
        "ipv6PrefixSet": "Ipv6PrefixSpecification",
        "macAddress": "",
        "networkInterfaceId": "",
        "outpostArn": "",
        "ownerId": "",
        "privateDnsName": "",
        "privateIpAddress": "",
        "privateIpAddressesSet": "NetworkInterfacePrivateIpAddress",
        "requesterId": "",
        "requesterManaged": "",
        "sourceDestCheck": "",
        "status": "",
        "subnetId": "",
        "tagSet": "Tag",
        "vpcId": ""
    }
}