{
    "action": "NetworkInsightsPath",
    "content_parameters": {
        "createdDate": "",
        "destination": "",
        "destinationArn": "",
        "destinationIp": "",
        "destinationPort": "",
        "filterAtDestination": "PathFilter",
        "filterAtSource": "PathFilter",
        "networkInsightsPathArn": "",
        "networkInsightsPathId": "",
        "protocol": "",
        "source": "",
        "sourceArn": "",
        "sourceIp": "",
        "tagSet": "Tag"
    }
}